Lot,Label,Category,Bid,MaxBid,Headroom,Verdict,SoldCount,P25,Median,Net,MatchNote,Error
91,"Savage Arms 110 Ultralite 7mm",handgun,275,773.22,498.22,GO,15,995,1100,622.95,"auto: SAVAGE 110 FCP HS PRECISION .338 LAPUA (Used, score 85) - 15 sold, 0 asking",""
38,"Sig Sauer P938 9mm",handgun,250,,403,,0,,,,"no catalog match for this manufacturer/model",""
192,"Marlin 444T Lever-Action",handgun,450,840.83,390.83,GO,59,1076,1225,499.46,"auto: MARLIN 444 .444 MARLIN (Used, score 85) - 59 sold, 4 asking",""
194,"Ruger 77 .22 Hornet",handgun,300,681.39,381.39,GO,25,885,1002,488.6,"auto: RUGER RUGER 77 22 .22 HORNET (Used, score 95) - 25 sold, 19 asking",""
42,"Sig Sauer P938 9mm",handgun,275,,378,,0,,,,"no catalog match for this manufacturer/model",""
430,"Winchester Case - Hornady 100 Grain BTSP, Qty: 10 of 20/ .243",handgun,150,515.48,365.48,GO,22,686.25,787.5,470.3,"auto: WINCHESTER 100 .243 WIN. (Used, score 95) - 22 sold, 0 asking",""
120,"Ruger Charger .22 LR",handgun,375,723.55,348.55,GO,26,935.5,1000,450.83,"auto: RUGER 22 CHARGER .22 HORNET (Used, score 75) - 26 sold, 0 asking",""
159,"Smith & Wesson Bodyguard .380 ACP",handgun,125,,345,,0,,,,"no catalog match for this manufacturer/model",""
17,"Winchester 9422 Lever-Action",handgun,300,622.96,322.96,GO,150,815,932.5,421.4,"auto: WINCHESTER 9422 .22 LR (Used, score 85) - 150 sold, 5 asking",""
128,"Springfield 15 22 S,L,LR",handgun,65,372.52,307.52,GO,11,515,550,403.65,"auto: SPRINGFIELD SAINT AR-15 5.56MM NATO (Used, score 85) - 11 sold, 23 asking",""
141,"Charter Arms Bulldog",handgun,85,,277.7,,0,,,,"no catalog match for this manufacturer/model",""
41,"Sig Sauer P365 9mm",handgun,200,,248,,0,,,,"no catalog match for this manufacturer/model",""
196,"Remington 700",handgun,325,569.95,244.95,GO,176,751.5,952.5,331.69,"auto: REMINGTON 700 .22-250 REM. (Used, score 85) - 176 sold, 16 asking",""
189,"Winchester 9422M . .22 WMR",handgun,375,593.74,218.74,GO,9,780,955,301.55,"auto: WINCHESTER 9422 .22 WMR (Used, score 95) - 9 sold, 1 asking",""
226,"Charter Arms Undercover .38 Special",handgun,85,,209.16,,0,,,,"no catalog match for this manufacturer/model",""
227,"Charter Arms Undercover .38 Special",handgun,90,,204.16,,0,,,,"no catalog match for this manufacturer/model",""
45,"Sig Sauer P365 9mm",handgun,250,,198,,0,,,,"no catalog match for this manufacturer/model",""
183,"Winchester 9410 . Lever-Action .410",handgun,750,940.17,190.17,GO,31,1195,1299,268.7,"auto: WINCHESTER MODEL 9410 410 BORE (Used, score 95) - 31 sold, 0 asking",""
187,"Browning -5 12ga",handgun,400,550.12,150.12,GO,32,727.75,873.5,222.64,"auto: BROWNING AUTO-5 LIGHT TWENTY 12 GAUGE (Used, score 75) - 32 sold, 0 asking",""
105,"Browning -5 12ga",handgun,425,550.12,125.12,GO,32,727.75,873.5,193.89,"auto: BROWNING AUTO-5 LIGHT TWENTY 12 GAUGE (Used, score 75) - 32 sold, 0 asking",""
212,"Sig Sauer SP2022 9mm",handgun,80,202.96,122.96,GO,117,310,350,191.4,"auto: SIG SAUER SP2022 9MM LUGER (Used, score 69) - 117 sold, 1 asking",""
440,"Winchester Dynapoint 22 WIN 45 Grain Hollow Point Copper Plated, Qty: 50",handgun,11,133.48,122.48,GO,59,225,299,190.85,"auto: WINCHESTER 50 12 GAUGE (Used, score 85) - 59 sold, 7 asking",""
142,"Colt Cobra .38 Special",handgun,200,322.43,122.43,GO,191,455,530,190.8,"auto: COLT COBRA .38 SPL. (Used, score 75) - 191 sold, 399 asking",""
413,"Winchester Super X 22 Win , 28-Grain Jacketed Tin Hollow Point, Qty: 50/",handgun,55,133.48,78.48,GO,59,225,299,140.25,"auto: WINCHESTER 50 12 GAUGE (Used, score 85) - 59 sold, 7 asking",""
18,"Marlin Original Golden 39A",handgun,350,426.37,76.37,GO,80,579.5,734,137.82,"auto: MARLIN 39 .22 LR (Used, score 85) - 80 sold, 2 asking",""
140,"Smith & Wesson 686 .357",handgun,375,442.64,67.64,GO,559,599,660,127.79,"auto: SMITH & WESSON 686 .357 MAG. (Used, score 95) - 559 sold, 4 asking",""
102,"Remington Sportsman 12ga",handgun,300,362.09,62.09,GO,55,502.5,640,121.4,"auto: REMINGTON 11-87 SPORTSMAN 12 GAUGE (Used, score 75) - 55 sold, 3 asking",""
309,"Smith & Wesson Magazine for SW40VE .40 S&W",handgun,21,80.35,59.35,GO,37,160,190,118.25,"auto: SMITH & WESSON 40 .40 S&W (Used, score 95) - 37 sold, 1 asking",""
222,"Smith & Wesson 64-2 .38 Special",handgun,200,256.09,56.09,GO,133,375,450,114.5,"auto: SMITH & WESSON 64 .38 SPL. (Used, score 95) - 133 sold, 5 asking",""
133,"Ruger Mini-14 with and Original Wood Stock",handgun,400,451.83,51.83,GO,323,610,700,109.6,"auto: RUGER MINI-14 .223 REM. (Used, score 85) - 323 sold, 221 asking",""
26,"Cz 75 9mm",handgun,325,374.19,49.19,GO,71,517,675,106.57,"auto: CZ-USA CZ 75 9MM LUGER (Used, score 95) - 71 sold, 374 asking",""
19,"Winchester U.S. of 1917 Bolt-Action",handgun,175,220.12,45.12,GO,81,331,430,101.89,"auto: WINCHESTER 1917 .30-06 (Used, score 85) - 81 sold, 4 asking",""
190,"Winchester 94 Lever-Action .30-30",handgun,375,418.43,43.43,GO,846,570,680.5,99.95,"auto: WINCHESTER 94 .30-30 WIN. (Used, score 95) - 846 sold, 65 asking",""
173,"Kahr Arms CT9 9mm",handgun,80,119.38,39.38,GO,10,207.75,218,95.29,"auto: KAHR CT9 9MM LUGER (New, score 69) - 10 sold, 294 asking",""
195,"Marlin 9",handgun,325,364.17,39.17,GO,29,505,551,95.05,"auto: MARLIN MODEL 9 CAMP CARBINE 9MM LUGER (Used, score 85) - 29 sold, 0 asking",""
64,"North American Arms NAA-22M . Mini .22 WMR",handgun,125,164.13,39.13,GO,23,262.5,285,95,"auto: NORTH AMERICAN ARMS (NAA) 22 MAGNUM .22 WMR (New, score 95) - 23 sold, 59 asking",""
148,"Winchester 37A 12ga",handgun,80,116.31,36.31,GO,56,204,255.5,91.76,"auto: WINCHESTER 37 12 GAUGE (Used, score 95) - 56 sold, 6 asking",""
124,"Taurus 85 30 SPL",handgun,90,121.22,31.22,GO,237,210,242,85.9,"auto: TAURUS 85 .38 SPL. (Used, score 85) - 237 sold, 6 asking",""
193,"Remington Nylon 66 .22 LR",handgun,200,227.48,27.48,GO,266,340,402.5,81.6,"auto: REMINGTON NYLON 66 .22 LR (Used, score 95) - 266 sold, 14 asking",""
169,"Smith & Wesson NEK7834 M&P 9 Shield EZ M2.0",handgun,95,121.22,26.22,GO,154,210,245,80.15,"auto: SMITH & WESSON M&P9 SHIELD M2.0 9MM LUGER (Used, score 58) - 154 sold, 74 asking",""
220,"Smith & Wesson 642 Lady Smith .38 Special",handgun,175,198.87,23.87,GO,227,305,339,77.45,"auto: SMITH & WESSON 642 .38 SPL. (Used, score 95) - 227 sold, 577 asking",""
138,"Ruger Security-Six .357",handgun,300,322.43,22.43,GO,264,455,505,75.8,"auto: RUGER SECURITY-SIX .357 MAG. (Used, score 88) - 264 sold, 0 asking",""
65,"Ruger Single-Six . .22 LR",handgun,225,245.87,20.87,GO,63,362.5,405,74,"auto: RUGER NEW MODEL SINGLE-SIX CONVERTIBLE .22 LR (Used, score 80) - 63 sold, 158 asking",""
76,"Remington Arms 1100 12ga",handgun,350,367.51,17.51,GO,235,509,630,70.14,"auto: REMINGTON 1100 12 GAUGE (Used, score 95) - 235 sold, 38 asking",""
153,"Smith & Wesson M&P9 Shield 9mm",handgun,95,109.98,14.98,GO,42,196.25,230,67.23,"auto: SMITH & WESSON M&P9 SHIELD 9MM LUGER (Used, score 84) - 42 sold, 0 asking",""
177,"Winchester 1300 Pump-Action 12ga",handgun,125,130.01,5.01,GO,96,220.75,278,55.76,"auto: WINCHESTER 1300 12 GAUGE (Used, score 95) - 96 sold, 14 asking",""
93,"Smith & Wesson M&P 15 5.56",handgun,250,251.18,1.18,GO,11,369,405,51.36,"auto: SMITH & WESSON M&P15 .223 REM. (Used, score 98) - 11 sold, 2 asking",""
221,"Smith & Wesson 642-2 .38 Special",handgun,200,198.87,-1.13,NO-GO,227,305,339,48.7,"auto: SMITH & WESSON 642 .38 SPL. (Used, score 95) - 227 sold, 577 asking",""
216,"Winchester 62A Pump-Action 22 Rimfire",handgun,325,318.26,-6.74,NO-GO,42,450,525,42.25,"auto: WINCHESTER 62 .22 LR (Used, score 85) - 42 sold, 2 asking",""
184,"Remington 1100 12ga",handgun,375,367.51,-7.49,NO-GO,235,509,630,41.39,"auto: REMINGTON 1100 12 GAUGE (Used, score 95) - 235 sold, 38 asking",""
101,"Remington 870 12ga",handgun,225,211.13,-13.87,NO-GO,82,320,368.5,34.05,"auto: REMINGTON 870 12 GAUGE (Used, score 95) - 82 sold, 17 asking",""
161,"Smith & Wesson SD40VE .40 S&W",handgun,95,80.35,-14.65,NO-GO,37,160,190,33.15,"auto: SMITH & WESSON 40 .40 S&W (Used, score 95) - 37 sold, 1 asking",""
171,"Smith & Wesson SD40VE .40 S&W",handgun,100,80.35,-19.65,NO-GO,37,160,190,27.4,"auto: SMITH & WESSON 40 .40 S&W (Used, score 95) - 37 sold, 1 asking",""
158,"Taurus PT-22 Pocket",handgun,100,79.12,-20.88,NO-GO,99,158.5,175,25.99,"auto: TAURUS PT-22 .22 LR (Used, score 85) - 99 sold, 3 asking",""
50,"Taurus PT-25 SS .25",handgun,125,104.05,-20.95,NO-GO,27,189,220,25.91,"auto: TAURUS PT-25 .25 ACP (6.5MM) (Used, score 85) - 27 sold, 0 asking",""
203,"Taurus 605 Protector Poly .357",handgun,175,153.91,-21.09,NO-GO,127,250,280,25.75,"auto: TAURUS 605 .357 MAG. (Used, score 95) - 127 sold, 382 asking",""
174,"Springfield XD- Sub-Compact .40 S&W",handgun,150,128.78,-21.22,NO-GO,8,219.25,253,25.6,"auto: SPRINGFIELD XD SUBCOMPACT .40 SW STAINLESS LOWCAP .40 S&W (Used, score 71) - 8 sold, 0 asking",""
162,"Stoeger Arms STR-9C -",handgun,80,57.87,-22.13,NO-GO,27,132.5,158,24.55,"auto: STOEGER STR-9C 9MM LUGER (Used, score 59) - 27 sold, 13 asking",""
37,"Sig Sauer P365 X 9mm",handgun,300,276.52,-23.48,NO-GO,119,400,450,23,"auto: SIG SAUER P365-XL 9MM LUGER (Used, score 69) - 119 sold, 8022 asking",""
156,"Smith & Wesson M&P Bodyguard .380 ACP",handgun,175,151.46,-23.54,NO-GO,22,247,260.5,22.93,"auto: SMITH & WESSON M&P BODYGUARD 380 .380 ACP (Used, score 75) - 22 sold, 1 asking",""
137,"Remington 1946 510 Routledge Bore 22",handgun,80,56.23,-23.77,NO-GO,79,130.5,159,22.67,"auto: REMINGTON 510 TARGETMASTER .22 LR (Used, score 85) - 79 sold, 0 asking",""
67,"Taurus 66 Stainless Steel . .357",handgun,250,225.03,-24.97,NO-GO,133,337,365,21.28,"auto: TAURUS 66 .357 MAG. (Used, score 95) - 133 sold, 339 asking",""
170,"Taurus G3C 9mm",handgun,85,56.64,-28.36,NO-GO,200,131,151,17.39,"auto: TAURUS G3C 9MM LUGER (Used, score 75) - 200 sold, 111 asking",""
199,"Taurus G2C 9mm",handgun,80,47.65,-32.35,NO-GO,405,120,135,12.8,"auto: TAURUS G2C 9MM LUGER (Used, score 75) - 405 sold, 241 asking",""
182,"Remington Arms Company 1100 12ga",handgun,400,367.51,-32.49,NO-GO,235,509,630,12.64,"auto: REMINGTON 1100 12 GAUGE (Used, score 95) - 235 sold, 38 asking",""
231,"Remington 1100 12ga",handgun,400,367.51,-32.49,NO-GO,235,509,630,12.64,"auto: REMINGTON 1100 12 GAUGE (Used, score 95) - 235 sold, 38 asking",""
29,"Palmetto State Armory PA-15 7.62x39",handgun,225,192.33,-32.67,NO-GO,10,297,322.5,12.43,"auto: PALMETTO STATE ARMORY (PSA) PA-15 7.62X39 (Used, score 95) - 10 sold, 0 asking",""
206,"Mossberg 835 12ga",handgun,150,117.13,-32.87,NO-GO,108,205,252.5,12.2,"auto: MOSSBERG 835 ULTI-MAG 12 GAUGE (Used, score 95) - 108 sold, 48 asking",""
85,"Mossberg 702 Plinkster . .22 LR",handgun,75,41.52,-33.48,NO-GO,23,112.5,125,11.5,"auto: MOSSBERG 702 PLINKSTER .22 LR (Used, score 95) - 23 sold, 4 asking",""
77,"Savage Arms Stevens 320 Pump-Action 12ga",handgun,70,36.01,-33.99,NO-GO,12,105.75,108.5,10.91,"auto: SAVAGE 320 12 GAUGE (Used, score 95) - 12 sold, 128 asking",""
172,"Taurus PT111 G2A 9mm",handgun,85,49.29,-35.71,NO-GO,11,122,129,8.93,"auto: TAURUS PT-111 MILLENNIUM PRO 9MM LUGER (Used, score 95) - 11 sold, 0 asking",""
160,"Ruger EC9S 9mm",handgun,100,59.91,-40.09,NO-GO,169,135,150,3.9,"auto: RUGER EC9S 9MM LUGER (Used, score 84) - 169 sold, 16 asking",""
48,"Springfield Hellcat 9mm",handgun,250,207.86,-42.14,NO-GO,350,316,362,1.54,"auto: SPRINGFIELD HELLCAT 9MM LUGER (Used, score 75) - 350 sold, 311 asking",""
152,"Smith & Wesson SD9 VE 9mm",handgun,125,80.35,-44.65,NO-GO,15,160,179,-1.35,"auto: SMITH & WESSON S&W SD9 VE 9MM LUGER (Used, score 84) - 15 sold, 10 asking",""
168,"Smith & Wesson SD9 VE 9mm",handgun,125,80.35,-44.65,NO-GO,15,160,179,-1.35,"auto: SMITH & WESSON S&W SD9 VE 9MM LUGER (Used, score 84) - 15 sold, 10 asking",""
155,"Ruger 9E 9mm",handgun,150,103.85,-46.15,NO-GO,10,188.75,200,-3.07,"auto: RUGER SR9E 9MM LUGER (Used, score 75) - 10 sold, 0 asking",""
63,"North American Arms NAA-22 Mini",handgun,125,77.9,-47.1,NO-GO,41,157,180,-4.17,"auto: NORTH AMERICAN ARMS (NAA) 22 MAGNUM .22 LR (Used, score 85) - 41 sold, 25 asking",""
117,"Dpms A-15 223/ 5.56",handgun,250,198.87,-51.13,NO-GO,19,305,355,-8.8,"auto: DPMS A-15 .223 REM. (Used, score 93) - 19 sold, 3 asking",""
56,"Taurus G2C 9mm",handgun,100,47.65,-52.35,NO-GO,405,120,135,-10.2,"auto: TAURUS G2C 9MM LUGER (Used, score 75) - 405 sold, 241 asking",""
35,"Ruger LC9 9mm",handgun,125,68.3,-56.7,NO-GO,102,145.25,165,-15.21,"auto: RUGER LC9 9MM LUGER (Used, score 84) - 102 sold, 0 asking",""
21,"Beretta APX 9mm",handgun,175,118.16,-56.84,NO-GO,158,206.25,245,-15.37,"auto: BERETTA APX 9MM LUGER (Used, score 75) - 158 sold, 836 asking",""
135,"Remington 1100 20ga",handgun,625,567.03,-57.97,NO-GO,81,748,875,-16.67,"auto: REMINGTON 1100 20 GAUGE (Used, score 95) - 81 sold, 7 asking",""
100,"Winchester 1400 MK II 20ga",handgun,225,166.99,-58.01,NO-GO,22,266,328.5,-16.71,"auto: WINCHESTER 1400 20 GAUGE (Used, score 95) - 22 sold, 0 asking",""
207,"Savage Mark II with .22 LR",handgun,150,84.23,-65.77,NO-GO,24,164.75,192,-25.63,"auto: SAVAGE MARK II F STAINLESS .22 LR (New, score 69) - 24 sold, 367 asking",""
58,"Taurus G3C 9mm",handgun,125,56.64,-68.36,NO-GO,200,131,151,-28.61,"auto: TAURUS G3C 9MM LUGER (Used, score 75) - 200 sold, 111 asking",""
68,"Taurus M605 . .357",handgun,225,153.91,-71.09,NO-GO,127,250,280,-31.75,"auto: TAURUS 605 .357 MAG. (Used, score 95) - 127 sold, 382 asking",""
69,"Taurus 605 . .357",handgun,225,153.91,-71.09,NO-GO,127,250,280,-31.75,"auto: TAURUS 605 .357 MAG. (Used, score 95) - 127 sold, 382 asking",""
110,"Smith & Wesson 916A 12ga",handgun,125,51.74,-73.26,NO-GO,9,125,176,-34.25,"auto: SMITH & WESSON 916 12 GAUGE (Used, score 95) - 9 sold, 0 asking",""
53,"Taurus G2C 9mm",handgun,125,47.65,-77.35,NO-GO,405,120,135,-38.95,"auto: TAURUS G2C 9MM LUGER (Used, score 75) - 405 sold, 241 asking",""
103,"Remington 11-48 16ga",handgun,350,266.3,-83.7,NO-GO,31,387.5,495,-46.25,"auto: REMINGTON 11 16 GAUGE (Used, score 95) - 31 sold, 1 asking",""
23,"Canik TP9SA 9mm",handgun,200,113.86,-86.14,NO-GO,25,201,228,-49.06,"auto: CANIK TP9SA 9MM LUGER (Used, score 88) - 25 sold, 3 asking",""
96,"Marlin 336W . Win Lever-Action .30-30",handgun,500,412.59,-87.41,NO-GO,429,563,645,-50.52,"auto: MARLIN 336 .30-30 WIN. (Used, score 95) - 429 sold, 39 asking",""
36,"Sccy CPX-2 9mm",handgun,125,35.8,-89.2,NO-GO,175,105.5,121,-52.58,"auto: SCCY CPX-2 9MM LUGER (Used, score 84) - 175 sold, 2 asking",""
123,"Smith & Wesson SW40VE .40 S&W",handgun,175,80.35,-94.65,NO-GO,37,160,190,-58.85,"auto: SMITH & WESSON 40 .40 S&W (Used, score 95) - 37 sold, 1 asking",""
33,"Ruger Security-9 Compact 9mm",handgun,175,74.02,-100.98,NO-GO,18,152.25,177.5,-66.13,"auto: RUGER SECURITY-9 COMPACT 9MM LUGER (Used, score 88) - 18 sold, 8 asking",""
47,"Smith & Wesson M&P9 Shield",handgun,225,109.98,-115.02,NO-GO,42,196.25,230,-82.27,"auto: SMITH & WESSON M&P9 SHIELD 9MM LUGER (Used, score 74) - 42 sold, 0 asking",""
74,"Mossberg 500 Pump-Action 12ga",handgun,225,106.91,-118.09,NO-GO,55,192.5,240,-85.8,"auto: MOSSBERG 500 12 GAUGE (Used, score 95) - 55 sold, 950 asking",""
28,"Glock 19 Gen 4 9mm",handgun,375,256.09,-118.91,NO-GO,550,375,415,-86.75,"auto: GLOCK G19 9MM LUGER (Used, score 98) - 550 sold, 232 asking",""
111,"Remington 740 SPRG .30-06",handgun,325,201.32,-123.68,NO-GO,74,308,362.5,-92.23,"auto: REMINGTON 740 .30-06 (Used, score 95) - 74 sold, 3 asking",""
99,"Winchester 94 AE . Winchester Lever-Action .30-30",handgun,550,418.43,-131.57,NO-GO,846,570,680.5,-101.3,"auto: WINCHESTER 94 .30-30 WIN. (Used, score 95) - 846 sold, 65 asking",""
191,"Browning Takedown 22",handgun,375,225.64,-149.36,NO-GO,32,337.75,378,-121.76,"auto: BROWNING 1911-22 .22 LR (Used, score 85) - 32 sold, 1919 asking",""
149,"Marlin Firearms Stainless 60SB .22 LR",handgun,250,72.17,-177.83,NO-GO,506,150,191.5,-154.5,"auto: MARLIN 60 .22 LR (Used, score 95) - 506 sold, 15 asking",""
84,"Kel-Tec SUB2000 Gen 3 9mm",handgun,350,158,-192,NO-GO,154,255,280,-170.8,"auto: KELTEC SUB-2000 9MM LUGER (Used, score 95) - 154 sold, 113 asking",""
11,"Ruger Super Blackhawk in Gun Locker Hard Case .44 Magnum",handgun,275,,,,0,,,,"no catalog match for this manufacturer/model",""
22,"Bond Arms Stinger Honey-B 9mm",handgun,150,,,,0,,,,"no catalog match for this manufacturer/model",""
24,"Rossi Brawler . /.45LC .410",handgun,175,,,,0,,,,"no catalog match for this manufacturer/model",""
32,"Rossi RS22P . .22 LR",handgun,175,,,,0,,,,"no catalog match for this manufacturer/model",""
34,"Ruger SR-1911 . .45 ACP",handgun,375,,,,0,,,,"no catalog match for this manufacturer/model",""
39,"Sig Sauer P365-9-BXR3 9mm",handgun,250,,,,0,,,,"no catalog match for this manufacturer/model",""
40,"Sig Sauer P320 9mm",handgun,200,,,,0,,,,"no catalog match for this manufacturer/model",""
43,"Sig Sauer P226 . .40 S&W",handgun,275,,,,0,,,,"no catalog match for this manufacturer/model",""
44,"Sig Sauer P238 Nightmare . .380 ACP",handgun,250,,,,0,,,,"no catalog match for this manufacturer/model",""
46,"Smith & Wesson M&P357C",handgun,175,,,,0,,,,"no catalog match for this manufacturer/model",""
49,"Taurus Firearms G3C 9mm",handgun,175,,,,0,,,,"no catalog match for this manufacturer/model",""
51,"Taurus G3C 9x19mm",handgun,175,,,,0,,,,"no catalog match for this manufacturer/model",""
52,"Taurus G2S . .40 S&W",handgun,95,,,,0,,,,"no catalog match for this manufacturer/model",""
54,"Taurus G2C FDE 9x19mm",handgun,200,,,,0,,,,"no catalog match for this manufacturer/model",""
55,"Taurus Firearms G2C 9mm",handgun,95,,,,0,,,,"no catalog match for this manufacturer/model",""
57,"Taurus G2C931-12 9x19mm",handgun,125,,,,0,,,,"no catalog match for this manufacturer/model",""
59,"Walther Arms WMP .22 WMR",handgun,200,,,,0,,,,"no catalog match for this manufacturer/model",""
61,"Charter Arms Bulldog .38 S&W",handgun,150,,,,0,,,,"no catalog match for this manufacturer/model",""
62,"Heritage Firearms BK22B3 . .22 LR",handgun,95,,,,0,,,,"no catalog match for this manufacturer/model",""
66,"Ruger GP-100 . .357",handgun,250,,,,0,,,,"no catalog match for this manufacturer/model",""
72,"Henry Repeating Arms Axe . Brass Lever-ActionÂ Firearm .410",handgun,675,,,,0,,,,"no catalog match for this manufacturer/model",""
78,"Stoeger Arms Condor 12ga",handgun,300,,,,0,,,,"no catalog match for this manufacturer/model",""
83,"Kel-Tec SUB 2K40 . .40 S&W",handgun,200,,,,0,,,,"no catalog match for this manufacturer/model",""
86,"Springfield Remington Sportsman 74 . .30-06",handgun,250,,,,0,,,,"no catalog match for this manufacturer/model",""
87,"Springfield Remington 742 Woodsmaster . .30-06",handgun,225,,,,0,,,,"no catalog match for this manufacturer/model",""
88,"Winchester Ruger American Predator . .308",handgun,325,,,,0,,,,"no catalog match for this manufacturer/model",""
89,"Ruger LC - 5.7x28",handgun,375,,,,0,,,,"no catalog match for this manufacturer/model",""
90,"Ruger Precision Bolt-Action 6.5 Creedmoor",handgun,450,,,,0,,,,"no catalog match for this manufacturer/model",""
92,"Savage Arms 187N 22 S,L,LR",handgun,50,,,,0,,,,"no catalog match for this manufacturer/model",""
94,"Smith & Wesson T/C Compass 6.5 Creedmoor",handgun,250,,,,0,,,,"no catalog match for this manufacturer/model",""
95,"Stevens Firearms 62 . .22 LR",handgun,80,,,,0,,,,"no catalog match for this manufacturer/model",""
97,"Weatherby Mark V .22-250",handgun,625,,,,0,,,,"no catalog match for this manufacturer/model",""
98,"Springfield Winchester 70 . .30-06",handgun,275,,,,0,,,,"no catalog match for this manufacturer/model",""
104,"Browning 32 12ga",handgun,350,,,,0,,,,"no catalog match for this manufacturer/model",""
109,"Stevens 620 20ga",handgun,75,,,,0,,,,"no catalog match for this manufacturer/model",""
114,"Thompson/Center Arms Renegade .50 Black Powder Percussion",handgun,150,,,,0,,,,"no catalog match for this manufacturer/model",""
119,"Ruger P90DC .45 ACP",handgun,275,,,,0,,,,"no catalog match for this manufacturer/model",""
125,"Stevens 59A .410",handgun,275,,,,0,,,,"no catalog match for this manufacturer/model",""
126,"Iver Johnson US .22 LR",handgun,150,,,,0,,,,"no catalog match for this manufacturer/model",""
150,"Colt CVA Dragoon Style .44 Black Powder",handgun,125,,,,0,,,,"no catalog match for this manufacturer/model",""
151,"Ruger LCP - .380 ACP",handgun,100,,,,0,,,,"no catalog match for this manufacturer/model",""
154,"Sig Sauer P320 -",handgun,175,,,,0,,,,"no catalog match for this manufacturer/model",""
157,"Taurus Firearms G2C - 9mm",handgun,150,,,,0,,,,"no catalog match for this manufacturer/model",""
163,"Springfield Armoty XD-9 9mm",handgun,125,,,,0,,,,"no catalog match for this manufacturer/model",""
165,"Taurus PT140 G2A .40 S&W",handgun,100,,,,0,,,,"no catalog match for this manufacturer/model",""
175,"Colt Firearms Trooper",handgun,175,,,,0,,,,"no catalog match for this manufacturer/model",""
176,"Browning A-500G - 12ga",handgun,300,,,,0,,,,"no catalog match for this manufacturer/model",""
197,"Norinco SKS 7.62x39mm",handgun,250,,,,0,,,,"no catalog match for this manufacturer/model",""
198,"Taurus G2C . .40 S&W",handgun,225,,,,0,,,,"no catalog match for this manufacturer/model",""
201,"Cz V20R70 7.65",handgun,65,,,,0,,,,"no catalog match for this manufacturer/model",""
202,"Ruger P9S x 19 9mm",handgun,95,,,,0,,,,"no catalog match for this manufacturer/model",""
211,"Stoeger Llama Para 9mm",handgun,65,,,,0,,,,"no catalog match for this manufacturer/model",""
214,"Stoeger Llama .38 Special",handgun,100,,,,0,,,,"no catalog match for this manufacturer/model",""
219,"Iver Johnson Champion Single-Shot Break-Action 12ga",handgun,65,,,,0,,,,"no catalog match for this manufacturer/model",""
223,"Smith & Wesson 32",handgun,65,,,,0,,,,"no catalog match for this manufacturer/model",""
225,"Iver Johnson TP22 .22 LR",handgun,50,,,,0,,,,"no catalog match for this manufacturer/model",""
336,"Beretta (4) Magazines 9mm",handgun,7,,,,0,,,,"no catalog match for this manufacturer/model",""
338,"Taurus Lot - Magazines 9mm",handgun,45,,,,0,,,,"no catalog match for this manufacturer/model",""
341,"Glock (3) .45 Magazines",handgun,16,,,,0,,,,"no catalog match for this manufacturer/model",""
402,"Remington (2) Express Buckshot 2-3/4in, Qty: 5/ 20ga",handgun,11,,,,0,,,,"no catalog match for this manufacturer/model",""
403,"Remington (2) Nitro Turkey , 1-7/8ox, Qty:10/ 12ga",handgun,20,,,,0,,,,"no catalog match for this manufacturer/model",""
404,"Remington , 1-7/8oz SP4X6, Qty: 10/ 12ga",handgun,4,,,,0,,,,"no catalog match for this manufacturer/model",""
411,"Remington (3) Rimfire Hollow Points, 22 Golden Bullet, Qty: 225/",handgun,55,,,,0,,,,"no catalog match for this manufacturer/model",""
412,"Remington (2) Rimfire Hollow Points, 22 Golden Bullet, Qty: 225/",handgun,55,,,,0,,,,"no catalog match for this manufacturer/model",""
414,"Remington Express Buckshot 3in 00BK, Qty: 5/ 12ga",handgun,16,,,,0,,,,"no catalog match for this manufacturer/model",""
415,"Remington Express Buckshot 3in 00BK, Qty: 5/ 12ga",handgun,15,,,,0,,,,"no catalog match for this manufacturer/model",""
416,"Remington Buckshot 3-1/2in 00BK, Qty: 5/ 12ga",handgun,13,,,,0,,,,"no catalog match for this manufacturer/model",""
417,"Remington Buckshot 3-1/2in 00BK, Qty: 5/ 12ga",handgun,11,,,,0,,,,"no catalog match for this manufacturer/model",""
418,"Winchester (2) 3in, 1oz Hollow Point Rifled Slug, Qty: 15/ 12ga",handgun,20,,,,0,,,,"no catalog match for this manufacturer/model",""
419,"Winchester 3in, 1oz Hollow Point Rifled Slug, Qty: 15/ 12ga",handgun,12,,,,0,,,,"no catalog match for this manufacturer/model",""
420,"Winchester (2) Double X 3-1/2in, Qty: 10/ 12ga",handgun,13,,,,0,,,,"no catalog match for this manufacturer/model",""
421,"Remington Express Long Range , 2-3/4in, Qty: 25/ 20ga",handgun,11,,,,0,,,,"no catalog match for this manufacturer/model",""
422,"Winchester (4) Super X Hollow Point Rifled Slugs, Qty: 5/ 20ga",handgun,18,,,,0,,,,"no catalog match for this manufacturer/model",""
439,"Remington Golden Bullet Value Pack Brass-Plated Hollow Points, Qty: 525 .22 LR",handgun,30,,,,0,,,,"no catalog match for this manufacturer/model",""
466,"Remington 22 Golden Bullet, Qty: 225 High-Velocity Hollow Points",handgun,16,,,,0,,,,"no catalog match for this manufacturer/model",""
468,"Winchester 22LR Grain, Qty:100 .40 S&W",handgun,10,,,,0,,,,"no catalog match for this manufacturer/model",""
469,"Winchester Partial - Super X High Brass Game Loads , 2-3/4in, 1-1/4oz, 4-Lead Shot 12ga",handgun,2,,,,0,,,,"no catalog match for this manufacturer/model",""
470,"Winchester Super X High Brass Game Loads , 2-3/4in, 1-1/4oz, 8-Lead Shot 12ga",handgun,7,,,,0,,,,"no catalog match for this manufacturer/model",""
471,"Remington Partial - Express Longe Range - , 2-1/2, 1/2 oz, 6-Shot .410",handgun,10,,,,0,,,,"no catalog match for this manufacturer/model",""
472,"Winchester Partial - Super-X High Brass Game Loads - , 3in, 11/16 oz, 7-1/2 Shot .410",handgun,10,,,,0,,,,"no catalog match for this manufacturer/model",""
473,"Winchester (2) Super X , 1 - Partial .22 LR",handgun,6,,,,0,,,,"no catalog match for this manufacturer/model",""
475,"Winchester , Qty: 33 .38 Special",handgun,9,,,,0,,,,"no catalog match for this manufacturer/model",""