Lot,Title,Current Bid,Buyer Premium
10,"Radical Firearms RF-15 5.56 NATO Rifle with Pine Ridge 4-12x50 Rifle Scope and Laser in Heavy-Duty Plano Rustrictor Hard Case",350,15
11,"Ruger New Model Super Blackhawk 44 Mag Revolver in Gun Locker Hard Case",275,15
12,"Arthemis Silah Sanayi 12 Gauge Side-by-Side Double Barrel Shotgun - Engraved & Hand-Carved Stock",425,15
13,"Leopar SIL SAN 870 12-Gauge Semi-Automatic Shotgun - Engraved Turkish Walnut",275,15
14,"Alpha Foxtrot Romulus 9mm Pistol w/ Osight SE Enclosed Red Dot, (2) Magazines and Factory Bag",475,15
15,"Shadow Systems DR920 Elite 9mm Pistol with Holosun HS507C X2, (3) Magazines & Bag",625,15
17,"Winchester 9422 Lever-Action Rifle",300,15
18,"Marlin Original Golden 39A Rifle",350,15
19,"Winchester U.S. Model of 1917 Bolt-Action Rifle",175,15
20,"American Tactical FX45 GI .45 ACP Pistol",300,15
21,"Beretta APX 9mm Pistol",175,15
22,"Bond Arms Stinger Honey-B 9mm Pistol",150,15
23,"Canik TP9SA 9mm Pistol",200,15
24,"Rossi Brawler .410/.45LC Pistol",175,15
25,"Chiappa Empire 1911 Nebula .45 ACP Pistol",325,15
26,"CZ Model 75 9mm Pistol",325,15
27,"Double Tap Defense 9mm Pocket Pistol",225,15
28,"Glock 19 Gen 4 9mm Pistol",375,15
29,"Palmetto State Armory PA-15 7.62x39 Pistol",225,15
30,"RIA M1911 A1-FS 10mm Pistol",325,15
31,"RIA M1911 A1-CS .45 ACP Pistol",275,15
32,"Rossi RS22P .22 LR Pistol",175,15
33,"Ruger Security-9 Compact 9mm Pistol",175,15
34,"Ruger SR-1911 .45 ACP Pistol",375,15
35,"Ruger LC9 9mm Pistol",125,15
36,"SCCY CPX-2 9mm Pistol",125,15
37,"Sig Sauer P365 X 9mm Pistol",300,15
38,"Sig Sauer P938 9mm Pistol",250,15
39,"Sig Sauer P365-9-BXR3 9mm Pistol",250,15
40,"Sig Sauer P320 9mm Pistol",200,15
41,"Sig Sauer P365 9mm Pistol",200,15
42,"Sig Sauer P938 9mm Pistol",275,15
43,"Sig Sauer P226 .40 S&W Pistol",275,15
44,"Sig Sauer P238 Nightmare .380 ACP Pistol",250,15
45,"Sig Sauer P365 9mm Pistol",250,15
46,"Smith & Wesson M&P357C Pistol",175,15
47,"Smith & Wesson M&P9 Shield Pistol",225,15
48,"Springfield Armory Hellcat 9mm Pistol",250,15
49,"Taurus Firearms G3C 9mm Pistol",175,15
50,"Taurus PT-25 SS .25 Auto Pistol",125,15
51,"Taurus G3C 9x19mm Pistol",175,15
52,"Taurus G2S .40 S&W Pistol",95,15
53,"Taurus G2C 9mm Pistol",125,15
54,"Taurus G2C FDE 9x19mm Pistol",200,15
55,"Taurus Firearms G2C 9mm Pistol",95,15
56,"Taurus G2C 9mm Pistol",100,15
57,"Taurus G2C931-12 9x19mm Pistol",125,15
58,"Taurus G3C 9mm Pistol",125,15
59,"Walther Arms WMP 22WMR Pistol",200,15
60,"Arminius Firearms HW5 .22 LR Revolver",125,15
61,"Charter Arms Bulldog .38 S&W Revolver",150,15
62,"Heritage Firearms BK22B3 .22 LR Revolver",95,15
63,"North American Arms NAA-22 Mini Revolver",125,15
64,"North American Arms NAA-22M .22 WMR Mini Revolver",125,15
65,"Ruger New Model Single-Six .22 LR Revolver",225,15
66,"Ruger GP-100 .357 Magnum Revolver",250,15
67,"Taurus 66 Stainless Steel .357 Magnum Revolver",250,15
68,"Taurus M605 .357 Mag Revolver",225,15
69,"Taurus Model 605 .357 Mag Revolver",225,15
70,"Churchill Akkar Model 612 12-Gauge Shotgun",90,15
71,"Glenfield Firearms Model 50 12-Gauge Bolt-Action Shotgun",150,15
72,"Henry Repeating Arms Axe .410 Brass Lever-ActionÂ Firearm",675,15
73,"JTS Firearms M12AK 12-Gauge Shotgun",175,15
74,"Mossberg 500 12-Gauge Pump-Action Shotgun",225,15
75,"Pardus AS 12-Gauge Shotgun",225,15
76,"Remington Arms 1100 12-Gauge Shotgun",350,15
77,"Savage Arms Stevens 320 12-Gauge Pump-Action Shotgun",70,15
78,"Stoeger Arms Condor 12-Gauge O/U Shotgun",300,15
79,"Sun City Machinery 320 12-Gauge Pump-Action Shotgun",100,15
80,"Tokarev Bullpup M 12-Gauge Semi-Auto Shotgun",175,15
81,"Tokarev TBP 12-Gauge Semi-Auto Shotgun",200,15
82,"Archangel 556 .22 LR Rifle",200,15
83,"Kel-Tec SUB 2K40 .40 S&W Rifle",200,15
84,"Kel-Tec SUB2000 Gen 3 9mm Rifle",350,15
85,"Mossberg 702 Plinkster .22 LR Rifle",75,15
86,"Remington Sportsman 74 .30-06 Springfield Rifle",250,15
87,"Remington 742 Woodsmaster .30-06 Springfield Rifle",225,15
88,"Ruger American Predator .308 Winchester Rifle",325,15
89,"Ruger LC Carbine 5.7x28 Semi-Auto Rifle",375,15
90,"Ruger Precision Bolt-Action Rifle 6.5 Creedmoor",450,15
91,"Savage Arms 110 Ultralite 7mm Rifle",275,15
92,"Savage Arms 187N 22 S,L,LR Rifle",50,15
93,"Smith & Wesson M&P 15 5.56 NATO Rifle",250,15
94,"Smith & Wesson T/C Compass 6.5 Creedmoor Rifle",250,15
95,"Stevens Firearms Model 62 .22 LR Rifle",80,15
96,"Marlin 336W .30-30 Win Lever-Action Rifle",500,15
97,"Weatherby Mark V .22-250 Rifle",625,15
98,"Winchester Model 70 .30-06 Springfield Rifle",275,15
99,"Winchester Model 94 AE .30-30 Winchester Lever-Action Rifle",550,15
100,"Winchester 1400 MK II 20-Gauge Shotgun",225,15
101,"Remington Model 870 12-Gauge Shotgun",225,15
102,"Remington Sportsman 12-Gauge Shotgun",300,15
103,"Remington 11-48 16-Gauge Shotgun",350,15
104,"Browning Model 32 12-Gauge Shotgun",350,15
105,"Browning Auto-5 12-Gauge Shotgun",425,15
106,"Sears, Roebuck, & Co 20-Gauge Shotgun",275,15
107,"Ithaca Model 37 12-Gauge Shotgun",225,15
108,"Ithaca Model 37 20-Gauge Shotgun",175,15
109,"Stevens Model 620 20-Gauge Shotgun",75,15
110,"Smith & Wesson Model 916A 12-Gauge Shotgun",125,15
111,"Remington Model 740 30-06 SPRG Rifle",325,15
112,"Armory Gun Co Shotgun",65,15
113,"Swiss Model 925 Rifle",200,15
114,"Thompson/Center Arms Renegade .50 Cal Black Powder Percussion Rifle",150,15
115,"Linberta PA 101 12-Gauge Shotgun",65,15
116,"Roma Model 816 Rifle",125,15
117,"DPMS A-15 223/5.56 Rifle",250,15
118,"Raven Arms M6-25 Auto Pistol",50,15
119,"Ruger P90DC 45ACP Pistol",275,15
120,"Ruger Charger 22LR Pistol",375,15
121,"Tisas ZIG M1911 45ACP Pistol",275,15
122,"Tisas ZIG M1911 45ACP Pistol",275,15
123,"Smith & Wesson SW40VE 40S&W Pistol",175,15
124,"Taurus Model 85 30 SPL Revolver",90,15
125,"Stevens Model 59A 410 Shotgun",275,15
126,"Iver Johnson US Carbine 22LR Rifle",150,15
127,"Sears 10140B 20 Gauge Shotgun",95,15
128,"Springfield Model 15 22 S,L,LR Rifle",65,15
129,"Hopkins & Allen Arms Co. Safety Police Revolver",150,15
130,"RG Industries RG-14 Revolver",50,15
131,"Rohm RG-10 22-Short Revolver",55,15
132,"Connecticut Valley Arms Inc Plainsman 50 Cal Black Powder Only Rifle",80,15
133,"Ruger Mini-14 Semi-Automatic Rifle with Scope and Original Wood Stock",400,15
134,"Bearman Industries Two-Shot Derringer Pistol, Stainless Finish",100,15
135,"Remington Model 1100 20-Gauge Shotgun",625,15
136,"Howa 1500 308 Win Bolt-Action Rifle",425,15
137,"1946 Remington 510 Routledge Bore 22 Rifle",80,15
138,"Ruger Security-Six 357 Mag Revolver",300,15
139,"Rossi 38 SPL Revolver",90,15
140,"Smith & Wesson Model 686 357 Mag Revolver",375,15
141,"Charter Arms Bulldog Revolver",85,15
142,"Colt Cobra 38 SPL Revolver",200,15
143,"Grendel Inc P-10 380 Pistol",60,15
145,"Hopkins & Allen Double Action 32 Cal Pocket Revolver",55,15
146,"Break-Action Single-Barrel 12-Gauge Shotgun",55,15
147,"National Ordnance Moel 1903A3 30-06 Rifle",70,15
148,"Winchester Model 37A 12-Gauge Shotgun",80,15
149,"Marlin Firearms Stainless Model 60SB 22LR Rifle",250,15
150,"CVA Colt Dragoon Style .44 Cal Black Powder Revolver",125,15
151,"Ruger LCP 380 Semi-Auto Pistol",100,15
152,"Smith & Wesson SD9 VE 9mm Pistol",125,15
153,"Smith & Wesson M&P9 Shield 9mm Pistol",95,15
154,"Sig Sauer P320 Semi-Auto Pistol",175,15
155,"Ruger 9E 9mm Pistol",150,15
156,"Smith & Wesson M&P Bodyguard 380 Pistol",175,15
157,"Taurus Firearms G2C 9mm Semi-Auto Pistol",150,15
158,"Taurus PT-22 Pocket Pistol",100,15
159,"Smith & Wesson Bodyguard 380 Pistol",125,15
160,"Ruger EC9S 9mm Pistol",100,15
161,"Smith & Wesson SD40VE 40 S&W Pistol",95,15
162,"Stoeger Arms STR-9C Semi-Auto Pistol",80,15
163,"Springfield Armoty XD-9 9mm Pistol",125,15
164,"Tisas Arms Zig M1911 Pistol",200,15
165,"Taurus PT140 G2A 40 S&W Pistol",100,15
166,"FMK Firearms 9C1G2 9mm Pistol",95,15
167,"American Tactical GSG Firefly 22 Pistol",150,15
168,"Smith & Wesson SD9 VE 9mm Pistol",125,15
169,"NEK7834 Smith & Wesson M&P 9 Shield EZ M2.0 Pistol",95,15
170,"Taurus G3C 9mm Pistol",85,15
171,"Smith & Wesson SD40VE 40 S&W Pistol",100,15
172,"Taurus PT111 G2A 9mm Pistol",85,15
173,"Kahr Arms CT9 9mm Pistol",80,15
174,"Springfield Armory XD-40 Sub-Compact Pistol",150,15
175,"Colt Firearms Trooper",175,15
176,"Browning A-500G Semi-Auto 12-Gauge Shotgun",300,15
177,"Winchester 1300 Pump-Action 12-Gauge Shotgun",125,15
178,"Harrington & Richardson Pardner Pump 12-Gauge Pump-Action Shotgun",85,15
179,"Adler Hunting Arms Company Centurion Optio-I XII Semi-Auto 12-Gauge Shotgun",125,15
180,"Citadel Firearms Pup Scout 12-Gauge Shotgun",150,15
181,"Richland Arms Model 707 20-Gauge Shotgun",250,15
182,"Remington Arms Company 1100 12-Gauge Shotgun",400,15
183,"Winchester Model 9410 .410 Bore Lever-Action Shotgun",750,15
184,"Remington Model 1100 12-Gauge Shotgun",375,15
185,"Tokarev TBP 12 Semi-Auto Shotgun",175,15
186,"Panzer Arms EGX500 Bullpup 12-Gauge Shotgun",150,15
187,"Browning Auto-5 Magnum 12-Gauge Shotgun",400,15
188,"Tokarev TAR12 Semi-Auto Shotgun",90,15
189,"Winchester 9422M .22 WMR Rifle",375,15
190,"Winchester 94 30-30 Lever-Action Rifle",375,15
191,"Browning Takedown 22 Rifle",375,15
192,"Marlin Model 444T Lever-Action Rifle",450,15
193,"Remington Nylon 66 22LR Rifle",200,15
194,"Ruger Model 77 22 Hornet Rifle",300,15
195,"Marlin Model 9 Rifle",325,15
196,"Remington Model 700 Rifle",325,15
197,"Norinco SKS 7.62x39mm Rifle",250,15
198,"Taurus G2C .40 S&W Pistol",225,15
199,"Taurus G2C 9mm Pistol",80,15
200,"Sarsilmaz CM9 9x19 Pistol with Hilight P20GL Light/Laser",95,15
201,"CZ V20R70 7.65 Cal Semi Auto Pistol",65,15
202,"Ruger P9S 9mm x 19 Pistol",95,15
203,"Taurus 605 Protector Poly 357 Mag Revolver",175,15
204,"American Tactical Omni Hybrid 300 BLK Pistol",225,15
205,"Charles Daly Defense 12 Gauge Shotgun",125,15
206,"Mossberg Model 835 12-Gauge Shotgun",150,15
207,"Savage Mark II 22LR Rifle with Scope",150,15
208,"CAI M53 7.62x54R Rifle",125,15
209,"7.62x25 Tokarev Pistol",65,15
210,"EAA Witness 45 Acp Pistol",150,15
211,"Stoeger Llama 9mm Para Pistol",65,15
212,"Sig Sauer SP2022 9mm Pistol",80,15
213,"American Tactical Titan LW 45 ACP Pistol",100,15
214,"Stoeger Llama 38 SPL Revolver",100,15
215,"Ithaca Model 37 12-Gauge Shotgun",100,15
216,"Winchester Model 62A Pump-Action 22 Rimfire Rifle",325,15
217,"JC Higgins Model 103.228 22 Cal Bolt-Action Rifle with Scope",75,15
218,"Revelation Model 350A Break-Action 20-Gauge Single-Shot Shotgun",60,15
219,"Iver Johnson Champion 12-Gauge Single-Shot Break-Action Shotgun",65,15
220,"Smith & Wesson Model 642 Lady Smith 38 SPL Revolver",175,15
221,"Smith & Wesson Model 642-2 38 SPL Revolver",200,15
222,"Smith & Wesson 64-2 38 SPL Revolver",200,15
223,"Smith & Wesson 32 Revolver",65,15
224,".36 Cal Navy Black Powder Revolver",60,15
225,"Iver Johnson TP22 22LR Pistol",50,15
226,"Charter Arms Undercover 38 SPL Revolver",85,15
227,"Charter Arms Undercover 38 SPL Revolver",90,15
228,"INA Tiger .32 Revolver",55,15
229,"Just Right Carbine JR Carbine GEN 2 9mm Rifle",200,15
230,"SS Kresge Model 151 Single-Shot 410 Shotgun",80,15
231,"Remington Model 1100 12-Gauge Shotgun",400,15
290,"Daisy Buck Model 105 B Lever-Action BB Gun",19,15
292,"Crosman F4 .177 Nitro Piston Break Barrel Air Rifle",35,15
293,"Gamo Swarm Maxxim .177 Multi-Shot Break-Barrel Air Rifle",50,15
297,"Wall Hanger Rifle",30,15
298,"Vintage German-Style Underlever Pellet Rifle",30,15
309,"Smith & Wesson 40 Cal Magazine for SW40VE",21,15
317,"SKS Carbon Stock",21,15
318,"Pistol Grip Sword Cane, Walking Stick with Sword",50,15
325,"(3) M-16 Rifle Magazines",13,15
326,"(4) M-16 Rifle Magazines",17,15
327,"(4) M-16 Rifle Magazines",17,15
336,"(4) Beretta 9mm Magazines",7,15
338,"Lot - Taurus 9mm Magazines",45,15
341,"(3) Glock .45 Magazines",16,15
402,"(2) Remington Express Buckshot 20-Gauge 2-3/4in, Qty: 5/Box",11,15
403,"(2) Remington Nitro Turkey 12-Gauge, 1-7/8ox, Qty:10/Box",20,15
404,"Remington 12-Gauge, 1-7/8oz SP4X6, Qty: 10/Box",4,15
408,"American Eagle 9mm Luger Automatic Pistol 124 Grain Metal Case Bullet",11,15
411,"(3) Remington Rimfire Hollow Points, 22 Golden Bullet, Qty: 225/Box",55,15
412,"(2) Remington Rimfire Hollow Points, 22 Golden Bullet, Qty: 225/Box",55,15
413,"Winchester Super X 22 Win Mag, 28-Grain Jacketed Tin Hollow Point, Qty: 50/Box",55,15
414,"Remington Express Buckshot 12-Gauge 3in 00BK, Qty: 5/Box",16,15
415,"Remington Express Buckshot 12-Gauge 3in 00BK, Qty: 5/Box",15,15
416,"Remington Mag Buckshot 12-Gauge 3-1/2in 00BK, Qty: 5/Box",13,15
417,"Remington Mag Buckshot 12-Gauge 3-1/2in 00BK, Qty: 5/Box",11,15
418,"(2) Winchester 12-Gauge 3in, 1oz Hollow Point Rifled Slug, Qty: 15/Box",20,15
419,"Winchester 12-Gauge 3in, 1oz Hollow Point Rifled Slug, Qty: 15/Box",12,15
420,"(2) Winchester Double X 12-Gauge 3-1/2in, Qty: 10/Box",13,15
421,"Remington Express Long Range 20-Gauge, 2-3/4in, Qty: 25/Box",11,15
422,"(4) Winchester Super X 20-Gauge Hollow Point Rifled Slugs, Qty: 5/Box",18,15
430,"Case - Hornady 243 Winchester 100 Grain BTSP, Qty: 10 of 20/Box",150,15
431,"American Eagle 30 Carbine, 110 Grain FMJ, Qty: 50",30,15
439,"Remington Golden Bullet Value Pack 22LR Brass-Plated Hollow Points, Qty: 525",30,15
440,"Winchester Dynapoint 22 WIN MAG 45 Grain Hollow Point Copper Plated, Qty: 50",11,15
442,"IMR 7828 SSC Smokeless Rifle Powder, Super Short Cut, 8-lbs",250,15
443,"Hodgon BL-C(2) Rifle Power, 8-lbs",55,15
444,"Hodgon BL-C(2) Rifle Power, 8-lbs",55,15
445,"Hodgon BL-C(2) Rifle Power, 8-lbs",55,15
466,"Remington 22 Golden Bullet, Qty: 225 High-Velocity Hollow Points",16,15
468,"Winchester 22LR 40 Grain, Qty:100",10,15
469,"Partial Box - Winchester Super X High Brass Game Loads 12-Gauge, 2-3/4in, 1-1/4oz, 4-Lead Shot",2,15
470,"Winchester Super X High Brass Game Loads 12-Gauge, 2-3/4in, 1-1/4oz, 8-Lead Shot",7,15
471,"Partial Box - Remington Express Longe Range 410-Gauge, 2-1/2, 1/2 oz, 6-Shot",10,15
472,"Partial Box - Winchester Super-X High Brass Game Loads 410-Gauge, 3in, 11/16 oz, 7-1/2 Shot",10,15
473,"(2) Winchester Super X 22LR, 1 Box - Partial",6,15
475,"Winchester 38SPL, Qty: 33",9,15
553,"Hoppe&#x27;s Protector Rifle Case with Key",21,15
554,"Field Locker Hard Rifle Case",21,15
555,"Gun Guard Hard Rifle Case",21,15
